cluster,transaction_count,total_amount,mean_amount,net_flow,dominant_system,dominant_counterparty,pct_outflow
0,446,274155944.99,614699.4282286996,152113869.33,INTERNAL,BANK,29.372197309417043
1,455,224754432.24,493965.7851428572,-224754432.24,TARGET2,CORPORATE,100.0
2,644,138805350.92,215536.25919254657,138805350.92,TARGET2,CORPORATE,0.0
3,455,246672991.21,542138.4422197803,-246672991.21,TARGET2,BANK,100.0
